mapo-tofu	https://adamliaw.com/recipe/authentic-mapo-tofu	https://3thanwong.com/mapo-tofu-recipe
kung-pao-chicken	https://www.thefoodranger.com/kung-pao-chicken/	https://peppergeek.com/wprm_print/best-kung-pao-chicken-authentic-recipe
tomato-egg-stir-fry	https://omnivorescookbook.com/classic-tomato-and-egg-stir-fry/	https://redhousespice.com/tomato-egg-stir-fry/
dan-dan-noodles	https://omnivorescookbook.com/dan-dan-noodles/comment-page-2	https://rasamalaysia.com/dan-dan-noodles/
congee	https://thewoksoflife.com/2016/10/20-minute-congee-recipe/	https://www.americastestkitchen.com/articles/2103-silky-savory-chinese-rice-porridge
avgolemono	https://www.themediterraneandish.com/avgolemono-soup-recipe/	https://www.americastestkitchen.com/recipes/9476-avgolemono-greek-chicken-and-rice-soup-with-egg-and-lemon
gigantes-plaki	https://www.mygreekdish.com/recipe/gigantes-plaki-greek-baked-giant-beans/	https://www.themediterraneandish.com/gigantes-plaki-greek-giant-beans/
spanakorizo	https://www.themediterraneandish.com/spanakorizo-greek-spinach-rice	https://souvlakiforthesoul.com/?p=13919
menemen	https://www.chilipeppermadness.com/wprm_print/10568	https://www.giverecipe.com/turkish-egg-dish-menemen/print/12353/
mercimek-corbasi	https://www.hungrypaprikas.com/mercimek-corbasi/	https://littlespicejar.com/?p=49026
chicken-tagine	https://simply-morocco.com/how-to-make-moroccan-chicken-tagine-with-preserved-lemon-and-olives/	https://www.williams-sonoma.com/recipe/chicken-tagine-lemons-and-olives.html?print=true
harira	https://simply-morocco.com/how-to-make-moroccan-harira/	https://www.daringgourmet.com/wprm_print/harira-moroccan-chickpea-lentil-soup
